FirstName,LastName,Age
Barth,Dowling,36
Conant,Clint,3
Handel,Maldive,93
McCauley,Orestes,32
Fuchsia,Ghana,6
Sieglinda,Thomson,44
Bordeaux,Haag,58
Nielsen,Stanhope,96
Oakland,Thimbu,83
Laue,Slovenia,55
Atchison,Achilles,65
Teutonic,Orr,40
Kline,Sheila,7
Hattiesburg,Taiwan,79
Macassar,Rufus,67
Adair,Tennyson,87
Galatia,Brontosaurus,56
Wolfe,Banach,92
Zulu,Aeneid,19
Delaney,Kafkaesque,95
Elton,Luis,15
Burr,Phil,87
Goethe,Ramada,79
Coffman,Bess,45
Rex,Guam,12
Nagasaki,Canada,36
Samuel,Chile,31
Kurd,Ukrainian,40
September,Conley,43
Lise,Davidson,43
Adelia,Seidel,29
Charta,Richmond,10
Galatia,Abelian,1
Ponchartrain,Triangulum,73
Saviour,Schottky,79
Fontainebleau,Leona,45
June,Anatole,34
Diane,Haiti,6
Ludwig,Zulu,8
Eugene,Warburton,58
Egyptian,Bucharest,52
Julia,Chesterton,5
Alberich,Guilford,46
Nebraska,Sommerfeld,84
Maurice,Moriarty,75
Irish,Weiss,4
Jesuit,Gambia,35
Fran,Marcus,39
Greenfield,Jennie,19
Kenyon,Harriman,33
Baltic,Dougherty,53
Eng,Compagnie,58
Irrawaddy,Bois,17
Xerxes,McConnell,34
Gonzales,Pickett,86
Jarvin,Delphi,69
Brookline,Bator,51
Chattanooga,Savannah,13
Briggs,Pakistani,93
O'Shea,Blythe,23
Lennox,Jutland,97
Falmouth,Thorpe,69
Lenten,Levin,40
Hillcrest,Southampton,49
Justinian,Lorenz,17
Bonnie,Ritter,56
Waite,Dallas,28
Sonora,Madame,87
Calvary,Pakistani,95
Frau,Elisha,74
Colosseum,Edgar,98
Delft,Olav,6
Bayda,Lindholm,20
Johnny,Moyer,51
Cluj,Tahoe,20
Steiner,Mario,46
Durrell,Cherokee,43
Arcturus,Cady,78
Socratic,Lehman,100
Sanhedrin,Quantico,50
Kevin,Shannon,80
Marvin,Letitia,24
Kafka,Yukon,7
Astarte,Menelaus,59
Salvador,Irishman,93
Fisk,Paine,61
Chadwick,Achaean,70
Rockland,Johann,44
Lagrangian,Myers,49
Draco,Scylla,75
Beatrice,Sanskrit,24
Amazon,Sandia,85
Albright,Neapolitan,86
Mongolia,Tobago,7
Montana,Galilean,86
Grosvenor,Arlington,25
Caesar,Berenices,45
